CREATE DATABASE [Espegic]
GO
USE [Espegic]
GO
/****** Object:  Table [dbo].[FORMATIONS]    Script Date: 6/10/2021 5:30:07 PM ******/
SET ANSI_NULLS ON
GO
SET QUOTED_IDENTIFIER ON
GO
CREATE TABLE [dbo].[FORMATIONS](
	[ID] [int] IDENTITY(1,1) NOT NULL,
	[NAME] [varchar](50) NOT NULL,
	[DURATION] [int] NOT NULL,
	[PRICE] [int] NULL,
	[ARCHIVE] [bit] NOT NULL,
	[CREATED_BY] [int] NOT NULL,
	[CREATED_AT] [datetime] NOT NULL,
	[UPDATED_BY] [int] NOT NULL,
	[UPDATED_AT] [datetime] NOT NULL
) ON [PRIMARY]
GO
/****** Object:  Table [dbo].[HELPERS]    Script Date: 6/10/2021 5:30:07 PM ******/
SET ANSI_NULLS ON
GO
SET QUOTED_IDENTIFIER ON
GO
CREATE TABLE [dbo].[HELPERS](
	[KEY] [varchar](50) NOT NULL,
	[VALUE] [varchar](30) NOT NULL,
 CONSTRAINT [PK_HELPERS] PRIMARY KEY CLUSTERED 
(
	[KEY] ASC
)WITH (PAD_INDEX = OFF, STATISTICS_NORECOMPUTE = OFF, IGNORE_DUP_KEY = OFF, ALLOW_ROW_LOCKS = ON, ALLOW_PAGE_LOCKS = ON, OPTIMIZE_FOR_SEQUENTIAL_KEY = OFF) ON [PRIMARY]
) ON [PRIMARY]
GO
/****** Object:  Table [dbo].[HISTORIES]    Script Date: 6/10/2021 5:30:07 PM ******/
SET ANSI_NULLS ON
GO
SET QUOTED_IDENTIFIER ON
GO
CREATE TABLE [dbo].[HISTORIES](
	[ID] [int] IDENTITY(1,1) NOT NULL,
	[ACTION] [varchar](100) NOT NULL,
	[BY] [int] NOT NULL,
	[CREATED_AT] [datetime] NOT NULL
) ON [PRIMARY]
GO
/****** Object:  Table [dbo].[MODULES]    Script Date: 6/10/2021 5:30:07 PM ******/
SET ANSI_NULLS ON
GO
SET QUOTED_IDENTIFIER ON
GO
CREATE TABLE [dbo].[MODULES](
	[ID] [int] IDENTITY(1,1) NOT NULL,
	[FORMATION_ID] [int] NOT NULL,
	[NAME] [text] NOT NULL,
	[ARCHIVE] [bit] NOT NULL,
	[CREATED_BY] [int] NOT NULL,
	[CREATED_AT] [datetime] NOT NULL,
	[UPDATED_BY] [int] NOT NULL,
	[UPDATED_AT] [datetime] NOT NULL
) ON [PRIMARY] TEXTIMAGE_ON [PRIMARY]
GO
/****** Object:  Table [dbo].[PAYMENT]    Script Date: 6/10/2021 5:30:07 PM ******/
SET ANSI_NULLS ON
GO
SET QUOTED_IDENTIFIER ON
GO
CREATE TABLE [dbo].[PAYMENT](
	[ID] [int] IDENTITY(1,1) NOT NULL,
	[STUDENT_ID] [int] NULL,
	[MONTH] [int] NULL,
	[PRICE] [int] NULL,
	[YEAR] [int] NULL,
	[CREATED_AT] [datetime] NULL,
	[PAYED] [int] NULL,
	[STILL] [int] NULL,
 CONSTRAINT [PK_PAYMENT] PRIMARY KEY CLUSTERED 
(
	[ID] ASC
)WITH (PAD_INDEX = OFF, STATISTICS_NORECOMPUTE = OFF, IGNORE_DUP_KEY = OFF, ALLOW_ROW_LOCKS = ON, ALLOW_PAGE_LOCKS = ON, OPTIMIZE_FOR_SEQUENTIAL_KEY = OFF) ON [PRIMARY]
) ON [PRIMARY]
GO
/****** Object:  Table [dbo].[PERMISSIONS]    Script Date: 6/10/2021 5:30:07 PM ******/
SET ANSI_NULLS ON
GO
SET QUOTED_IDENTIFIER ON
GO
CREATE TABLE [dbo].[PERMISSIONS](
	[ID] [int] IDENTITY(1,1) NOT NULL,
	[USER_ID] [int] NULL,
	[ACTION] [varchar](50) NULL,
	[USERS] [bit] NULL,
	[PROFESSORS] [bit] NULL,
	[STUDENTS] [bit] NULL,
	[FORMATIONS] [bit] NULL,
	[MODULES] [bit] NULL,
 CONSTRAINT [PK_PERMISSIONS] PRIMARY KEY CLUSTERED 
(
	[ID] ASC
)WITH (PAD_INDEX = OFF, STATISTICS_NORECOMPUTE = OFF, IGNORE_DUP_KEY = OFF, ALLOW_ROW_LOCKS = ON, ALLOW_PAGE_LOCKS = ON, OPTIMIZE_FOR_SEQUENTIAL_KEY = OFF) ON [PRIMARY]
) ON [PRIMARY]
GO
/****** Object:  Table [dbo].[PROFESSORS]    Script Date: 6/10/2021 5:30:07 PM ******/
SET ANSI_NULLS ON
GO
SET QUOTED_IDENTIFIER ON
GO
CREATE TABLE [dbo].[PROFESSORS](
	[ID] [int] IDENTITY(1,1) NOT NULL,
	[CIN] [varchar](10) NOT NULL,
	[F_NAME] [varchar](30) NOT NULL,
	[L_NAME] [varchar](30) NOT NULL,
	[PHONE] [varchar](12) NOT NULL,
	[EMAIL] [varchar](30) NOT NULL,
	[NATIONALITY] [text] NOT NULL,
	[SEX] [text] NOT NULL,
	[BIRTH] [datetime] NOT NULL,
	[ESTABLISHEMENT] [varchar](25) NOT NULL,
	[PROVINCE] [varchar](45) NOT NULL,
	[COMMUN] [varchar](20) NOT NULL,
	[ADRESS] [varchar](70) NOT NULL,
	[ARCHIVE] [bit] NOT NULL,
	[CREATED_BY] [int] NOT NULL,
	[CREATED_AT] [datetime] NOT NULL,
	[UPDATED_BY] [int] NOT NULL,
	[UPDATED_AT] [datetime] NOT NULL
) ON [PRIMARY] TEXTIMAGE_ON [PRIMARY]
GO
/****** Object:  Table [dbo].[STUDENTS]    Script Date: 6/10/2021 5:30:07 PM ******/
SET ANSI_NULLS ON
GO
SET QUOTED_IDENTIFIER ON
GO
CREATE TABLE [dbo].[STUDENTS](
	[ID] [int] IDENTITY(1,1) NOT NULL,
	[FORMATION_ID] [int] NOT NULL,
	[CIN] [varchar](10) NOT NULL,
	[F_NAME] [text] NOT NULL,
	[L_NAME] [text] NOT NULL,
	[MASSAR] [varchar](12) NULL,
	[PHONE] [varchar](12) NOT NULL,
	[EMAIL] [varchar](30) NOT NULL,
	[NATIONALITY] [text] NOT NULL,
	[SEX] [text] NOT NULL,
	[BIRTH] [datetime] NULL,
	[ESTABLISHEMENT] [varchar](25) NULL,
	[PROVINCE] [varchar](45) NULL,
	[COMMUN] [varchar](20) NULL,
	[ADRESS] [varchar](70) NULL,
	[REDUCTION] [int] NULL,
	[ARCHIVE] [bit] NOT NULL,
	[CREATED_BY] [int] NOT NULL,
	[CREATED_AT] [datetime] NOT NULL,
	[UPDATED_BY] [int] NOT NULL,
	[UPDATED_AT] [datetime] NOT NULL,
 CONSTRAINT [PK_STUDENTS_1] PRIMARY KEY CLUSTERED 
(
	[ID] ASC
)WITH (PAD_INDEX = OFF, STATISTICS_NORECOMPUTE = OFF, IGNORE_DUP_KEY = OFF, ALLOW_ROW_LOCKS = ON, ALLOW_PAGE_LOCKS = ON, OPTIMIZE_FOR_SEQUENTIAL_KEY = OFF) ON [PRIMARY]
) ON [PRIMARY] TEXTIMAGE_ON [PRIMARY]
GO
/****** Object:  Table [dbo].[TEACHES]    Script Date: 6/10/2021 5:30:07 PM ******/
SET ANSI_NULLS ON
GO
SET QUOTED_IDENTIFIER ON
GO
CREATE TABLE [dbo].[TEACHES](
	[PROFESSOR_ID] [int] IDENTITY(1,1) NOT NULL,
	[FORMATION_ID] [int] NOT NULL
) ON [PRIMARY]
GO
/****** Object:  Table [dbo].[USERS]    Script Date: 6/10/2021 5:30:07 PM ******/
SET ANSI_NULLS ON
GO
SET QUOTED_IDENTIFIER ON
GO
CREATE TABLE [dbo].[USERS](
	[ID] [int] IDENTITY(1,1) NOT NULL,
	[CIN] [varchar](10) NOT NULL,
	[F_NAME] [text] NOT NULL,
	[L_NAME] [text] NOT NULL,
	[PHONE] [varchar](12) NOT NULL,
	[EMAIL] [varchar](30) NOT NULL,
	[PASSWORD] [varchar](20) NOT NULL,
	[ARCHIVE] [bit] NOT NULL,
	[CREATED_BY] [int] NOT NULL,
	[CREATED_AT] [datetime] NOT NULL,
	[UPDATED_BY] [int] NOT NULL,
	[UPDATED_AT] [datetime] NOT NULL
) ON [PRIMARY] TEXTIMAGE_ON [PRIMARY]
GO
SET IDENTITY_INSERT [dbo].[FORMATIONS] ON 
GO
INSERT [dbo].[FORMATIONS] ([ID], [NAME], [DURATION], [PRICE], [ARCHIVE], [CREATED_BY], [CREATED_AT], [UPDATED_BY], [UPDATED_AT]) VALUES (1, N'TSDI1', 10, 7500, 0, 2, CAST(N'2021-05-26T04:34:00.000' AS DateTime), 2, CAST(N'2021-05-26T04:34:00.000' AS DateTime))
GO
INSERT [dbo].[FORMATIONS] ([ID], [NAME], [DURATION], [PRICE], [ARCHIVE], [CREATED_BY], [CREATED_AT], [UPDATED_BY], [UPDATED_AT]) VALUES (2, N'GE', 10, 7500, 0, 2, CAST(N'2021-05-26T04:34:00.000' AS DateTime), 2, CAST(N'2021-05-26T04:34:00.000' AS DateTime))
GO
INSERT [dbo].[FORMATIONS] ([ID], [NAME], [DURATION], [PRICE], [ARCHIVE], [CREATED_BY], [CREATED_AT], [UPDATED_BY], [UPDATED_AT]) VALUES (3, N'TSDI', 10, 7500, 0, 2, CAST(N'2021-05-27T15:47:02.803' AS DateTime), 2, CAST(N'2021-05-27T15:47:02.803' AS DateTime))
GO
SET IDENTITY_INSERT [dbo].[FORMATIONS] OFF
GO
INSERT [dbo].[HELPERS] ([KEY], [VALUE]) VALUES (N'CONNECTED', N'2')
GO
SET IDENTITY_INSERT [dbo].[HISTORIES] ON 
GO
INSERT [dbo].[HISTORIES] ([ID], [ACTION], [BY], [CREATED_AT]) VALUES (19, N'MOHAMMED HAMHAM AJOUTER UN UTILISATEUR (IMANE DAMI) XA22222', 2, CAST(N'2021-05-23T12:41:00.873' AS DateTime))
GO
INSERT [dbo].[HISTORIES] ([ID], [ACTION], [BY], [CREATED_AT]) VALUES (20, N'MOHAMMED HAMHAM MODIFIER UN UTILISATEUR (DAMI IMANE) XA2222', 2, CAST(N'2021-05-23T12:41:19.253' AS DateTime))
GO
INSERT [dbo].[HISTORIES] ([ID], [ACTION], [BY], [CREATED_AT]) VALUES (21, N'MOHAMMED HAMHAM SUPPRIMER UN UTILISATEUR (DAMI IMANE) XA2222', 2, CAST(N'2021-05-23T12:42:57.387' AS DateTime))
GO
INSERT [dbo].[HISTORIES] ([ID], [ACTION], [BY], [CREATED_AT]) VALUES (22, N'MOHAMMED HAMHAM MODIFIER UN UTILISATEUR (IMANE DAMI) XA22221', 2, CAST(N'2021-05-23T12:49:20.110' AS DateTime))
GO
INSERT [dbo].[HISTORIES] ([ID], [ACTION], [BY], [CREATED_AT]) VALUES (23, N'MOHAMMED HAMHAM SUPPRIMER UN UTILISATEUR (IMANE DAMI) XA22221', 2, CAST(N'2021-05-23T12:50:17.793' AS DateTime))
GO
INSERT [dbo].[HISTORIES] ([ID], [ACTION], [BY], [CREATED_AT]) VALUES (25, N'MOHAMMED HAMHAM AJOUTER UN UTILISATEUR (KAIM TAZI) XA8888', 2, CAST(N'2021-05-23T13:07:11.880' AS DateTime))
GO
INSERT [dbo].[HISTORIES] ([ID], [ACTION], [BY], [CREATED_AT]) VALUES (26, N'MOHAMMED HAMHAM AJOUTER UN UTILISATEUR (MOHAMMED NACIRI) XA5265', 2, CAST(N'2021-05-23T13:07:50.877' AS DateTime))
GO
INSERT [dbo].[HISTORIES] ([ID], [ACTION], [BY], [CREATED_AT]) VALUES (27, N'MOHAMMED HAMHAM MODIFIER UN UTILISATEUR (IMANE DAMI) XA22221', 2, CAST(N'2021-05-23T13:08:01.797' AS DateTime))
GO
INSERT [dbo].[HISTORIES] ([ID], [ACTION], [BY], [CREATED_AT]) VALUES (28, N'MOHAMMED HAMHAM MODIFIER UN UTILISATEUR (MOHAMMED NACIRI) XA52651', 2, CAST(N'2021-05-23T13:15:58.937' AS DateTime))
GO
INSERT [dbo].[HISTORIES] ([ID], [ACTION], [BY], [CREATED_AT]) VALUES (29, N'MOHAMMED HAMHAM MODIFIER UN UTILISATEUR (KAIM TAZI) XA888', 2, CAST(N'2021-05-23T13:16:21.757' AS DateTime))
GO
INSERT [dbo].[HISTORIES] ([ID], [ACTION], [BY], [CREATED_AT]) VALUES (30, N'MOHAMMED HAMHAM MODIFIER UN UTILISATEUR (IMANE DAMI - XA2222°', 2, CAST(N'2021-05-23T13:17:58.023' AS DateTime))
GO
INSERT [dbo].[HISTORIES] ([ID], [ACTION], [BY], [CREATED_AT]) VALUES (32, N'MOHAMMED HAMHAM MODIFIER UN UTILISATEUR (KAIM TAZI - XA8883)', 2, CAST(N'2021-05-23T13:45:18.293' AS DateTime))
GO
INSERT [dbo].[HISTORIES] ([ID], [ACTION], [BY], [CREATED_AT]) VALUES (1028, N'MOHAMMED HAMHAM MODIFIER UN UTILISATEUR (KARIM TAZI - XA8883)', 2, CAST(N'2021-05-25T16:01:05.183' AS DateTime))
GO
INSERT [dbo].[HISTORIES] ([ID], [ACTION], [BY], [CREATED_AT]) VALUES (1029, N'MOHAMMED HAMHAM MODIFIER UN UTILISATEUR (KARIM TAZI - XA8883)', 2, CAST(N'2021-05-25T16:01:15.717' AS DateTime))
GO
INSERT [dbo].[HISTORIES] ([ID], [ACTION], [BY], [CREATED_AT]) VALUES (1030, N'MOHAMMED HAMHAM AJOUTER UN UTILISATEUR (SIZOU AZIZ - XA153465)', 2, CAST(N'2021-05-25T16:18:09.997' AS DateTime))
GO
INSERT [dbo].[HISTORIES] ([ID], [ACTION], [BY], [CREATED_AT]) VALUES (1031, N'MOHAMMED HAMHAM AJOUTER UN UTILISATEUR (SIDALI NADA - XA341565)', 2, CAST(N'2021-05-25T16:20:11.023' AS DateTime))
GO
INSERT [dbo].[HISTORIES] ([ID], [ACTION], [BY], [CREATED_AT]) VALUES (1033, N'MOHAMMED HAMHAM AJOUTER UN UTILISATEUR (SNAIKI SAMIRA - XA1138094)', 2, CAST(N'2021-05-25T16:22:15.230' AS DateTime))
GO
INSERT [dbo].[HISTORIES] ([ID], [ACTION], [BY], [CREATED_AT]) VALUES (1036, N'MOHAMMED HAMHAM AJOUTER UN UTILISATEUR (CHTIOUI OMAR - XA762309)', 2, CAST(N'2021-05-25T16:25:46.403' AS DateTime))
GO
INSERT [dbo].[HISTORIES] ([ID], [ACTION], [BY], [CREATED_AT]) VALUES (1047, N'MOHAMMED HAMHAM SUPPRIMER UN PROFESSEUR (GHHHH EFZEF - XA36217)', 2, CAST(N'2021-05-25T18:46:15.883' AS DateTime))
GO
INSERT [dbo].[HISTORIES] ([ID], [ACTION], [BY], [CREATED_AT]) VALUES (1048, N'MOHAMMED HAMHAM AJOUTER UN ETUDIANT (DFGHJKI DFGHJK - SA738293)', 2, CAST(N'2021-05-26T17:14:56.803' AS DateTime))
GO
INSERT [dbo].[HISTORIES] ([ID], [ACTION], [BY], [CREATED_AT]) VALUES (1050, N'MOHAMMED HAMHAM MODIFIER UN ETUDIANT (SAMIRA SNAIKI - XA1138094)', 2, CAST(N'2021-05-26T17:37:59.237' AS DateTime))
GO
INSERT [dbo].[HISTORIES] ([ID], [ACTION], [BY], [CREATED_AT]) VALUES (1051, N'MOHAMMED HAMHAM MODIFIER UN ETUDIANT (SNAIKI SAMIRA - XA1138094)', 2, CAST(N'2021-05-26T17:38:10.867' AS DateTime))
GO
INSERT [dbo].[HISTORIES] ([ID], [ACTION], [BY], [CREATED_AT]) VALUES (1052, N'MOHAMMED HAMHAM AJOUTER UN PROFESSEUR (AHMED ALI - XA565676)', 2, CAST(N'2021-05-27T15:35:10.900' AS DateTime))
GO
INSERT [dbo].[HISTORIES] ([ID], [ACTION], [BY], [CREATED_AT]) VALUES (1053, N'MOHAMMED HAMHAM AJOUTER UNE FORMATION (TSDI  - )', 2, CAST(N'2021-05-27T15:47:03.453' AS DateTime))
GO
INSERT [dbo].[HISTORIES] ([ID], [ACTION], [BY], [CREATED_AT]) VALUES (1054, N'MOHAMMED HAMHAM AJOUTER UN MODULE (PHP  - )', 2, CAST(N'2021-05-27T15:47:46.940' AS DateTime))
GO
INSERT [dbo].[HISTORIES] ([ID], [ACTION], [BY], [CREATED_AT]) VALUES (1055, N'MOHAMMED HAMHAM SUPPRIMER UN PROFESSEUR (AHMED ALI - XA565676)', 2, CAST(N'2021-05-27T16:14:15.190' AS DateTime))
GO
INSERT [dbo].[HISTORIES] ([ID], [ACTION], [BY], [CREATED_AT]) VALUES (1056, N'MOHAMMED HAMHAM MODIFIER UN UTILISATEUR (OMARI KAMAL - XA44622)', 2, CAST(N'2021-06-01T16:50:10.523' AS DateTime))
GO
INSERT [dbo].[HISTORIES] ([ID], [ACTION], [BY], [CREATED_AT]) VALUES (1057, N'MOHAMMED HAMHAM MODIFIER UN MODULE (CSS  - )', 2, CAST(N'2021-06-01T16:55:39.757' AS DateTime))
GO
INSERT [dbo].[HISTORIES] ([ID], [ACTION], [BY], [CREATED_AT]) VALUES (1058, N'MOHAMMED HAMHAM MODIFIER UN PROFESSEUR (ALI AHMED - XA565676)', 2, CAST(N'2021-06-02T15:34:02.597' AS DateTime))
GO
INSERT [dbo].[HISTORIES] ([ID], [ACTION], [BY], [CREATED_AT]) VALUES (1059, N'MOHAMMED HAMHAM MODIFIER UN PROFESSEUR (AHMED ALI - XA565676)', 2, CAST(N'2021-06-02T15:34:15.970' AS DateTime))
GO
INSERT [dbo].[HISTORIES] ([ID], [ACTION], [BY], [CREATED_AT]) VALUES (1060, N'MOHAMMED HAMHAM MODIFIER UN UTILISATEUR (OMARI KAMAL - XA44622)', 2, CAST(N'2021-06-02T15:34:38.347' AS DateTime))
GO
INSERT [dbo].[HISTORIES] ([ID], [ACTION], [BY], [CREATED_AT]) VALUES (1061, N'MOHAMMED HAMHAM AJOUTER UN ETUDIANT (NACIRI KARIM - XA99999)', 2, CAST(N'2021-06-07T13:27:02.880' AS DateTime))
GO
INSERT [dbo].[HISTORIES] ([ID], [ACTION], [BY], [CREATED_AT]) VALUES (1062, N'MOHAMMED HAMHAM AJOUTER UN ETUDIANT (AMRAOUI AYMANE - XA77777)', 2, CAST(N'2021-06-07T13:30:20.080' AS DateTime))
GO
INSERT [dbo].[HISTORIES] ([ID], [ACTION], [BY], [CREATED_AT]) VALUES (1063, N'MOHAMMED HAMHAM MODIFIER UN ETUDIANT (AMRAOUI AYMANE - XA77777)', 2, CAST(N'2021-06-07T13:31:04.810' AS DateTime))
GO
INSERT [dbo].[HISTORIES] ([ID], [ACTION], [BY], [CREATED_AT]) VALUES (1066, N'MOHAMMED HAMHAM MODIFIER UN ETUDIANT (AMRAOUI AYMANE - XA77777)', 2, CAST(N'2021-06-07T13:44:05.240' AS DateTime))
GO
INSERT [dbo].[HISTORIES] ([ID], [ACTION], [BY], [CREATED_AT]) VALUES (1067, N'MOHAMMED HAMHAM MODIFIER UN ETUDIANT (AYMANE AMRAOUI - XA77777)', 2, CAST(N'2021-06-07T13:44:41.163' AS DateTime))
GO
INSERT [dbo].[HISTORIES] ([ID], [ACTION], [BY], [CREATED_AT]) VALUES (1071, N'MOHAMMED HAMHAM PAYER LE MOIS JANVIER POUR (MOHAMMED HAMHAM - XA86367)', 2, CAST(N'2021-06-07T15:21:53.723' AS DateTime))
GO
INSERT [dbo].[HISTORIES] ([ID], [ACTION], [BY], [CREATED_AT]) VALUES (1072, N'MOHAMMED HAMHAM AJOUTER UN UTILISATEUR (KADIRI OMAR - XA141517)', 2, CAST(N'2021-06-07T15:26:39.560' AS DateTime))
GO
INSERT [dbo].[HISTORIES] ([ID], [ACTION], [BY], [CREATED_AT]) VALUES (1073, N'MOHAMMED HAMHAM PAYER LE MOIS JANVIER POUR (MOHAMMED HAMHAM - XA86367)', 2, CAST(N'2021-06-10T15:56:23.663' AS DateTime))
GO
INSERT [dbo].[HISTORIES] ([ID], [ACTION], [BY], [CREATED_AT]) VALUES (1074, N'MOHAMMED HAMHAM PAYER LE MOIS FEVRIER POUR (MOHAMMED HAMHAM - XA86367)', 2, CAST(N'2021-06-10T15:56:35.990' AS DateTime))
GO
INSERT [dbo].[HISTORIES] ([ID], [ACTION], [BY], [CREATED_AT]) VALUES (1075, N'MOHAMMED HAMHAM PAYER LE MOIS JANVIER POUR (SAMIRA SNAIKI - XA1138094)', 2, CAST(N'2021-06-10T15:57:26.880' AS DateTime))
GO
INSERT [dbo].[HISTORIES] ([ID], [ACTION], [BY], [CREATED_AT]) VALUES (24, N'MOHAMMED HAMHAM SUPPRIMER UN UTILISATEUR (IMANE DAMI) XA22221', 2, CAST(N'2021-05-23T12:54:33.543' AS DateTime))
GO
INSERT [dbo].[HISTORIES] ([ID], [ACTION], [BY], [CREATED_AT]) VALUES (31, N'MOHAMMED HAMHAM MODIFIER UN UTILISATEUR (MOHAMMED NACIRI - XA5265)', 2, CAST(N'2021-05-23T13:19:05.957' AS DateTime))
GO
INSERT [dbo].[HISTORIES] ([ID], [ACTION], [BY], [CREATED_AT]) VALUES (1064, N'MOHAMMED HAMHAM MODIFIER UN ETUDIANT (AMRAOUI AYMANE - XA77777)', 2, CAST(N'2021-06-07T13:40:56.670' AS DateTime))
GO
INSERT [dbo].[HISTORIES] ([ID], [ACTION], [BY], [CREATED_AT]) VALUES (1065, N'MOHAMMED HAMHAM MODIFIER UN ETUDIANT (AMRAOUI AYMANE - XA77777)', 2, CAST(N'2021-06-07T13:43:25.693' AS DateTime))
GO
INSERT [dbo].[HISTORIES] ([ID], [ACTION], [BY], [CREATED_AT]) VALUES (1032, N'MOHAMMED HAMHAM AJOUTER UN UTILISATEUR (EL AZZOUZI AMINE - XA131413)', 2, CAST(N'2021-05-25T16:20:48.883' AS DateTime))
GO
INSERT [dbo].[HISTORIES] ([ID], [ACTION], [BY], [CREATED_AT]) VALUES (1038, N'MOHAMMED HAMHAM AJOUTER UN PROFESSEUR (YEF ZEFZEF - XA35564)', 2, CAST(N'2021-05-25T18:14:26.883' AS DateTime))
GO
INSERT [dbo].[HISTORIES] ([ID], [ACTION], [BY], [CREATED_AT]) VALUES (1049, N'MOHAMMED HAMHAM AJOUTER UN ETUDIANT (SNAIKI SAMIRA - XA1138094)', 2, CAST(N'2021-05-26T17:29:05.050' AS DateTime))
GO
INSERT [dbo].[HISTORIES] ([ID], [ACTION], [BY], [CREATED_AT]) VALUES (1068, N'MOHAMMED HAMHAM MODIFIER UN ETUDIANT (KARIM NACIRI - XA99999)', 2, CAST(N'2021-06-07T13:53:09.403' AS DateTime))
GO
INSERT [dbo].[HISTORIES] ([ID], [ACTION], [BY], [CREATED_AT]) VALUES (1069, N'MOHAMMED HAMHAM Payer le mois Fevrier pour (AYMANE AMRAOUI - XA77777)', 2, CAST(N'2021-06-07T14:20:20.223' AS DateTime))
GO
INSERT [dbo].[HISTORIES] ([ID], [ACTION], [BY], [CREATED_AT]) VALUES (1070, N'MOHAMMED HAMHAM PAYER LE MOIS JUILET POUR (SAMIRA SNAIKI - XA1138094)', 2, CAST(N'2021-06-07T14:21:56.507' AS DateTime))
GO
INSERT [dbo].[HISTORIES] ([ID], [ACTION], [BY], [CREATED_AT]) VALUES (1034, N'MOHAMMED HAMHAM AJOUTER UN UTILISATEUR (ALI KARIM - XA765447)', 2, CAST(N'2021-05-25T16:23:32.740' AS DateTime))
GO
INSERT [dbo].[HISTORIES] ([ID], [ACTION], [BY], [CREATED_AT]) VALUES (1035, N'MOHAMMED HAMHAM AJOUTER UN UTILISATEUR (SAFFI BOUCHRA - XA873509)', 2, CAST(N'2021-05-25T16:24:35.340' AS DateTime))
GO
INSERT [dbo].[HISTORIES] ([ID], [ACTION], [BY], [CREATED_AT]) VALUES (1037, N'MOHAMMED HAMHAM AJOUTER UN UTILISATEUR (OMAR KAMAL - XA44622)', 2, CAST(N'2021-05-25T16:33:12.360' AS DateTime))
GO
INSERT [dbo].[HISTORIES] ([ID], [ACTION], [BY], [CREATED_AT]) VALUES (1039, N'MOHAMMED HAMHAM MODIFIER UN PROFESSEUR (ZEFZEF YEF - XA35564)', 2, CAST(N'2021-05-25T18:18:23.703' AS DateTime))
GO
INSERT [dbo].[HISTORIES] ([ID], [ACTION], [BY], [CREATED_AT]) VALUES (1040, N'MOHAMMED HAMHAM MODIFIER UN PROFESSEUR (YEF ZEFZEF - XA35564)', 2, CAST(N'2021-05-25T18:18:30.993' AS DateTime))
GO
INSERT [dbo].[HISTORIES] ([ID], [ACTION], [BY], [CREATED_AT]) VALUES (1041, N'MOHAMMED HAMHAM MODIFIER UN PROFESSEUR (ZEFZEF YEF - XA35564)', 2, CAST(N'2021-05-25T18:19:24.107' AS DateTime))
GO
INSERT [dbo].[HISTORIES] ([ID], [ACTION], [BY], [CREATED_AT]) VALUES (1042, N'MOHAMMED HAMHAM MODIFIER UN PROFESSEUR (YEF ZEFZEF - XA35564)', 2, CAST(N'2021-05-25T18:19:44.040' AS DateTime))
GO
INSERT [dbo].[HISTORIES] ([ID], [ACTION], [BY], [CREATED_AT]) VALUES (1043, N'MOHAMMED HAMHAM MODIFIER UN PROFESSEUR (ZEFZEF YEF - XA35564)', 2, CAST(N'2021-05-25T18:19:51.940' AS DateTime))
GO
INSERT [dbo].[HISTORIES] ([ID], [ACTION], [BY], [CREATED_AT]) VALUES (1044, N'MOHAMMED HAMHAM MODIFIER UN PROFESSEUR (YEF AAAAAA - XA35564)', 2, CAST(N'2021-05-25T18:20:03.100' AS DateTime))
GO
INSERT [dbo].[HISTORIES] ([ID], [ACTION], [BY], [CREATED_AT]) VALUES (1045, N'MOHAMMED HAMHAM MODIFIER UN PROFESSEUR (AAAAAA YEF - XA35564)', 2, CAST(N'2021-05-25T18:20:17.280' AS DateTime))
GO
INSERT [dbo].[HISTORIES] ([ID], [ACTION], [BY], [CREATED_AT]) VALUES (1046, N'MOHAMMED HAMHAM SUPPRIMER UN PROFESSEUR (AAAAAA YEF - XA35564)', 2, CAST(N'2021-05-25T18:20:31.640' AS DateTime))
GO
SET IDENTITY_INSERT [dbo].[HISTORIES] OFF
GO
SET IDENTITY_INSERT [dbo].[MODULES] ON 
GO
INSERT [dbo].[MODULES] ([ID], [FORMATION_ID], [NAME], [ARCHIVE], [CREATED_BY], [CREATED_AT], [UPDATED_BY], [UPDATED_AT]) VALUES (1, 3, N'PHP', 0, 2, CAST(N'2021-05-27T15:47:46.833' AS DateTime), 2, CAST(N'2021-05-27T15:47:46.833' AS DateTime))
GO
INSERT [dbo].[MODULES] ([ID], [FORMATION_ID], [NAME], [ARCHIVE], [CREATED_BY], [CREATED_AT], [UPDATED_BY], [UPDATED_AT]) VALUES (3, 2, N'CSS', 0, 2, CAST(N'2021-05-28T17:21:00.000' AS DateTime), 2, CAST(N'2021-06-01T16:55:39.210' AS DateTime))
GO
SET IDENTITY_INSERT [dbo].[MODULES] OFF
GO
SET IDENTITY_INSERT [dbo].[PAYMENT] ON 
GO
INSERT [dbo].[PAYMENT] ([ID], [STUDENT_ID], [MONTH], [PRICE], [YEAR], [CREATED_AT], [PAYED], [STILL]) VALUES (52, 6, 1, 500, 2021, CAST(N'2021-06-10T15:56:23.303' AS DateTime), 500, 6500)
GO
INSERT [dbo].[PAYMENT] ([ID], [STUDENT_ID], [MONTH], [PRICE], [YEAR], [CREATED_AT], [PAYED], [STILL]) VALUES (53, 6, 2, 600, 2021, CAST(N'2021-06-10T15:56:35.977' AS DateTime), 1100, 5900)
GO
INSERT [dbo].[PAYMENT] ([ID], [STUDENT_ID], [MONTH], [PRICE], [YEAR], [CREATED_AT], [PAYED], [STILL]) VALUES (54, 3, 1, 700, 2021, CAST(N'2021-06-10T15:57:26.847' AS DateTime), 700, 6300)
GO
SET IDENTITY_INSERT [dbo].[PAYMENT] OFF
GO
SET IDENTITY_INSERT [dbo].[PERMISSIONS] ON 
GO
INSERT [dbo].[PERMISSIONS] ([ID], [USER_ID], [ACTION], [USERS], [PROFESSORS], [STUDENTS], [FORMATIONS], [MODULES]) VALUES (2, 2, N'READ', 1, 1, 1, 1, 1)
GO
INSERT [dbo].[PERMISSIONS] ([ID], [USER_ID], [ACTION], [USERS], [PROFESSORS], [STUDENTS], [FORMATIONS], [MODULES]) VALUES (15, 2, N'WRITE', 1, 1, 1, 1, 1)
GO
INSERT [dbo].[PERMISSIONS] ([ID], [USER_ID], [ACTION], [USERS], [PROFESSORS], [STUDENTS], [FORMATIONS], [MODULES]) VALUES (16, 2, N'UPDATE', 1, 1, 1, 1, 1)
GO
INSERT [dbo].[PERMISSIONS] ([ID], [USER_ID], [ACTION], [USERS], [PROFESSORS], [STUDENTS], [FORMATIONS], [MODULES]) VALUES (17, 2, N'DELETE', 1, 1, 1, 1, 1)
GO
INSERT [dbo].[PERMISSIONS] ([ID], [USER_ID], [ACTION], [USERS], [PROFESSORS], [STUDENTS], [FORMATIONS], [MODULES]) VALUES (66, 22, N'READ', 0, 1, 1, 1, 1)
GO
INSERT [dbo].[PERMISSIONS] ([ID], [USER_ID], [ACTION], [USERS], [PROFESSORS], [STUDENTS], [FORMATIONS], [MODULES]) VALUES (67, 22, N'WRITE', 1, 1, 1, 1, 1)
GO
INSERT [dbo].[PERMISSIONS] ([ID], [USER_ID], [ACTION], [USERS], [PROFESSORS], [STUDENTS], [FORMATIONS], [MODULES]) VALUES (68, 22, N'UPDATE', 1, 1, 1, 1, 1)
GO
INSERT [dbo].[PERMISSIONS] ([ID], [USER_ID], [ACTION], [USERS], [PROFESSORS], [STUDENTS], [FORMATIONS], [MODULES]) VALUES (69, 22, N'DELETE', 1, 1, 1, 1, 1)
GO
INSERT [dbo].[PERMISSIONS] ([ID], [USER_ID], [ACTION], [USERS], [PROFESSORS], [STUDENTS], [FORMATIONS], [MODULES]) VALUES (70, 23, N'READ', 1, 1, 1, 1, 1)
GO
INSERT [dbo].[PERMISSIONS] ([ID], [USER_ID], [ACTION], [USERS], [PROFESSORS], [STUDENTS], [FORMATIONS], [MODULES]) VALUES (71, 23, N'WRITE', 0, 0, 0, 0, 0)
GO
INSERT [dbo].[PERMISSIONS] ([ID], [USER_ID], [ACTION], [USERS], [PROFESSORS], [STUDENTS], [FORMATIONS], [MODULES]) VALUES (72, 23, N'UPDATE', 1, 1, 1, 1, 1)
GO
INSERT [dbo].[PERMISSIONS] ([ID], [USER_ID], [ACTION], [USERS], [PROFESSORS], [STUDENTS], [FORMATIONS], [MODULES]) VALUES (73, 23, N'DELETE', 1, 1, 1, 1, 1)
GO
INSERT [dbo].[PERMISSIONS] ([ID], [USER_ID], [ACTION], [USERS], [PROFESSORS], [STUDENTS], [FORMATIONS], [MODULES]) VALUES (74, 24, N'READ', 1, 1, 1, 1, 1)
GO
INSERT [dbo].[PERMISSIONS] ([ID], [USER_ID], [ACTION], [USERS], [PROFESSORS], [STUDENTS], [FORMATIONS], [MODULES]) VALUES (75, 24, N'WRITE', 1, 1, 1, 1, 1)
GO
INSERT [dbo].[PERMISSIONS] ([ID], [USER_ID], [ACTION], [USERS], [PROFESSORS], [STUDENTS], [FORMATIONS], [MODULES]) VALUES (76, 24, N'UPDATE', 1, 1, 1, 1, 1)
GO
INSERT [dbo].[PERMISSIONS] ([ID], [USER_ID], [ACTION], [USERS], [PROFESSORS], [STUDENTS], [FORMATIONS], [MODULES]) VALUES (77, 24, N'DELETE', 1, 1, 1, 1, 1)
GO
INSERT [dbo].[PERMISSIONS] ([ID], [USER_ID], [ACTION], [USERS], [PROFESSORS], [STUDENTS], [FORMATIONS], [MODULES]) VALUES (1018, 1012, N'READ', 1, 1, 0, 1, 1)
GO
INSERT [dbo].[PERMISSIONS] ([ID], [USER_ID], [ACTION], [USERS], [PROFESSORS], [STUDENTS], [FORMATIONS], [MODULES]) VALUES (1019, 1012, N'WRITE', 1, 1, 0, 0, 1)
GO
INSERT [dbo].[PERMISSIONS] ([ID], [USER_ID], [ACTION], [USERS], [PROFESSORS], [STUDENTS], [FORMATIONS], [MODULES]) VALUES (1020, 1012, N'UPDATE', 0, 1, 1, 0, 0)
GO
INSERT [dbo].[PERMISSIONS] ([ID], [USER_ID], [ACTION], [USERS], [PROFESSORS], [STUDENTS], [FORMATIONS], [MODULES]) VALUES (1021, 1012, N'DELETE', 1, 1, 1, 1, 1)
GO
INSERT [dbo].[PERMISSIONS] ([ID], [USER_ID], [ACTION], [USERS], [PROFESSORS], [STUDENTS], [FORMATIONS], [MODULES]) VALUES (1022, 1013, N'READ', 1, 1, 1, 1, 1)
GO
INSERT [dbo].[PERMISSIONS] ([ID], [USER_ID], [ACTION], [USERS], [PROFESSORS], [STUDENTS], [FORMATIONS], [MODULES]) VALUES (1023, 1013, N'WRITE', 1, 1, 1, 1, 1)
GO
INSERT [dbo].[PERMISSIONS] ([ID], [USER_ID], [ACTION], [USERS], [PROFESSORS], [STUDENTS], [FORMATIONS], [MODULES]) VALUES (1024, 1013, N'UPDATE', 1, 1, 1, 1, 1)
GO
INSERT [dbo].[PERMISSIONS] ([ID], [USER_ID], [ACTION], [USERS], [PROFESSORS], [STUDENTS], [FORMATIONS], [MODULES]) VALUES (1025, 1013, N'DELETE', 1, 1, 1, 1, 1)
GO
INSERT [dbo].[PERMISSIONS] ([ID], [USER_ID], [ACTION], [USERS], [PROFESSORS], [STUDENTS], [FORMATIONS], [MODULES]) VALUES (1026, 1014, N'READ', 1, 1, 1, 1, 1)
GO
INSERT [dbo].[PERMISSIONS] ([ID], [USER_ID], [ACTION], [USERS], [PROFESSORS], [STUDENTS], [FORMATIONS], [MODULES]) VALUES (1027, 1014, N'WRITE', 1, 1, 1, 1, 1)
GO
INSERT [dbo].[PERMISSIONS] ([ID], [USER_ID], [ACTION], [USERS], [PROFESSORS], [STUDENTS], [FORMATIONS], [MODULES]) VALUES (1028, 1014, N'UPDATE', 1, 1, 1, 1, 1)
GO
INSERT [dbo].[PERMISSIONS] ([ID], [USER_ID], [ACTION], [USERS], [PROFESSORS], [STUDENTS], [FORMATIONS], [MODULES]) VALUES (1029, 1014, N'DELETE', 1, 1, 1, 1, 1)
GO
INSERT [dbo].[PERMISSIONS] ([ID], [USER_ID], [ACTION], [USERS], [PROFESSORS], [STUDENTS], [FORMATIONS], [MODULES]) VALUES (1030, 1015, N'READ', 1, 1, 1, 1, 1)
GO
INSERT [dbo].[PERMISSIONS] ([ID], [USER_ID], [ACTION], [USERS], [PROFESSORS], [STUDENTS], [FORMATIONS], [MODULES]) VALUES (1031, 1015, N'WRITE', 1, 1, 1, 1, 1)
GO
INSERT [dbo].[PERMISSIONS] ([ID], [USER_ID], [ACTION], [USERS], [PROFESSORS], [STUDENTS], [FORMATIONS], [MODULES]) VALUES (1032, 1015, N'UPDATE', 1, 1, 1, 1, 1)
GO
INSERT [dbo].[PERMISSIONS] ([ID], [USER_ID], [ACTION], [USERS], [PROFESSORS], [STUDENTS], [FORMATIONS], [MODULES]) VALUES (1033, 1015, N'DELETE', 1, 1, 1, 1, 1)
GO
INSERT [dbo].[PERMISSIONS] ([ID], [USER_ID], [ACTION], [USERS], [PROFESSORS], [STUDENTS], [FORMATIONS], [MODULES]) VALUES (1034, 1016, N'READ', 1, 1, 1, 1, 1)
GO
INSERT [dbo].[PERMISSIONS] ([ID], [USER_ID], [ACTION], [USERS], [PROFESSORS], [STUDENTS], [FORMATIONS], [MODULES]) VALUES (1035, 1016, N'WRITE', 1, 1, 1, 1, 1)
GO
INSERT [dbo].[PERMISSIONS] ([ID], [USER_ID], [ACTION], [USERS], [PROFESSORS], [STUDENTS], [FORMATIONS], [MODULES]) VALUES (1036, 1016, N'UPDATE', 1, 1, 1, 1, 1)
GO
INSERT [dbo].[PERMISSIONS] ([ID], [USER_ID], [ACTION], [USERS], [PROFESSORS], [STUDENTS], [FORMATIONS], [MODULES]) VALUES (1037, 1016, N'DELETE', 1, 1, 1, 1, 1)
GO
INSERT [dbo].[PERMISSIONS] ([ID], [USER_ID], [ACTION], [USERS], [PROFESSORS], [STUDENTS], [FORMATIONS], [MODULES]) VALUES (1038, 1017, N'READ', 1, 1, 1, 1, 1)
GO
INSERT [dbo].[PERMISSIONS] ([ID], [USER_ID], [ACTION], [USERS], [PROFESSORS], [STUDENTS], [FORMATIONS], [MODULES]) VALUES (1039, 1017, N'WRITE', 1, 1, 1, 1, 1)
GO
INSERT [dbo].[PERMISSIONS] ([ID], [USER_ID], [ACTION], [USERS], [PROFESSORS], [STUDENTS], [FORMATIONS], [MODULES]) VALUES (1040, 1017, N'UPDATE', 1, 1, 1, 1, 1)
GO
INSERT [dbo].[PERMISSIONS] ([ID], [USER_ID], [ACTION], [USERS], [PROFESSORS], [STUDENTS], [FORMATIONS], [MODULES]) VALUES (1041, 1017, N'DELETE', 1, 1, 1, 1, 1)
GO
INSERT [dbo].[PERMISSIONS] ([ID], [USER_ID], [ACTION], [USERS], [PROFESSORS], [STUDENTS], [FORMATIONS], [MODULES]) VALUES (1042, 1018, N'READ', 1, 1, 1, 1, 1)
GO
INSERT [dbo].[PERMISSIONS] ([ID], [USER_ID], [ACTION], [USERS], [PROFESSORS], [STUDENTS], [FORMATIONS], [MODULES]) VALUES (1043, 1018, N'WRITE', 1, 1, 1, 1, 1)
GO
INSERT [dbo].[PERMISSIONS] ([ID], [USER_ID], [ACTION], [USERS], [PROFESSORS], [STUDENTS], [FORMATIONS], [MODULES]) VALUES (1044, 1018, N'UPDATE', 1, 1, 1, 1, 1)
GO
INSERT [dbo].[PERMISSIONS] ([ID], [USER_ID], [ACTION], [USERS], [PROFESSORS], [STUDENTS], [FORMATIONS], [MODULES]) VALUES (1045, 1018, N'DELETE', 1, 1, 1, 1, 1)
GO
INSERT [dbo].[PERMISSIONS] ([ID], [USER_ID], [ACTION], [USERS], [PROFESSORS], [STUDENTS], [FORMATIONS], [MODULES]) VALUES (1046, 1019, N'READ', 1, 1, 1, 1, 1)
GO
INSERT [dbo].[PERMISSIONS] ([ID], [USER_ID], [ACTION], [USERS], [PROFESSORS], [STUDENTS], [FORMATIONS], [MODULES]) VALUES (1047, 1019, N'WRITE', 1, 1, 1, 1, 1)
GO
INSERT [dbo].[PERMISSIONS] ([ID], [USER_ID], [ACTION], [USERS], [PROFESSORS], [STUDENTS], [FORMATIONS], [MODULES]) VALUES (1048, 1019, N'UPDATE', 1, 1, 1, 1, 1)
GO
INSERT [dbo].[PERMISSIONS] ([ID], [USER_ID], [ACTION], [USERS], [PROFESSORS], [STUDENTS], [FORMATIONS], [MODULES]) VALUES (1049, 1019, N'DELETE', 1, 1, 1, 1, 1)
GO
INSERT [dbo].[PERMISSIONS] ([ID], [USER_ID], [ACTION], [USERS], [PROFESSORS], [STUDENTS], [FORMATIONS], [MODULES]) VALUES (1050, 1020, N'READ', 1, 1, 1, 1, 1)
GO
INSERT [dbo].[PERMISSIONS] ([ID], [USER_ID], [ACTION], [USERS], [PROFESSORS], [STUDENTS], [FORMATIONS], [MODULES]) VALUES (1051, 1020, N'WRITE', 1, 1, 1, 1, 1)
GO
INSERT [dbo].[PERMISSIONS] ([ID], [USER_ID], [ACTION], [USERS], [PROFESSORS], [STUDENTS], [FORMATIONS], [MODULES]) VALUES (1052, 1020, N'UPDATE', 1, 1, 1, 1, 1)
GO
INSERT [dbo].[PERMISSIONS] ([ID], [USER_ID], [ACTION], [USERS], [PROFESSORS], [STUDENTS], [FORMATIONS], [MODULES]) VALUES (1053, 1020, N'DELETE', 1, 1, 1, 1, 1)
GO
SET IDENTITY_INSERT [dbo].[PERMISSIONS] OFF
GO
SET IDENTITY_INSERT [dbo].[PROFESSORS] ON 
GO
INSERT [dbo].[PROFESSORS] ([ID], [CIN], [F_NAME], [L_NAME], [PHONE], [EMAIL], [NATIONALITY], [SEX], [BIRTH], [ESTABLISHEMENT], [PROVINCE], [COMMUN], [ADRESS], [ARCHIVE], [CREATED_BY], [CREATED_AT], [UPDATED_BY], [UPDATED_AT]) VALUES (1, N'XA565676', N'AHMED', N'ALI', N'1234567890', N'aliahmed@gmail.com', N'MAROCCAINE', N'MASCULIN', CAST(N'2010-07-12T00:00:00.000' AS DateTime), N'ESPEGIC', N'KHEMISSET', N'TIFLET', N'DALIA', 0, 2, CAST(N'2021-05-27T15:35:10.237' AS DateTime), 2, CAST(N'2021-06-02T15:34:15.947' AS DateTime))
GO
SET IDENTITY_INSERT [dbo].[PROFESSORS] OFF
GO
SET IDENTITY_INSERT [dbo].[STUDENTS] ON 
GO
INSERT [dbo].[STUDENTS] ([ID], [FORMATION_ID], [CIN], [F_NAME], [L_NAME], [MASSAR], [PHONE], [EMAIL], [NATIONALITY], [SEX], [BIRTH], [ESTABLISHEMENT], [PROVINCE], [COMMUN], [ADRESS], [REDUCTION], [ARCHIVE], [CREATED_BY], [CREATED_AT], [UPDATED_BY], [UPDATED_AT]) VALUES (3, 1, N'XA1138094', N'SAMIRA', N'SNAIKI', N'J158723569', N'0604520548', N'samiranabil@gmail.com', N'MAROCCAINE', N'FEMININ', CAST(N'1995-10-11T00:00:00.000' AS DateTime), N'ESPEGIC', N'KHEMESSET', N'TIFLET', N'DALIA', 500, 0, 2, CAST(N'2021-05-26T17:29:04.407' AS DateTime), 2, CAST(N'2021-05-26T17:29:04.407' AS DateTime))
GO
INSERT [dbo].[STUDENTS] ([ID], [FORMATION_ID], [CIN], [F_NAME], [L_NAME], [MASSAR], [PHONE], [EMAIL], [NATIONALITY], [SEX], [BIRTH], [ESTABLISHEMENT], [PROVINCE], [COMMUN], [ADRESS], [REDUCTION], [ARCHIVE], [CREATED_BY], [CREATED_AT], [UPDATED_BY], [UPDATED_AT]) VALUES (6, 2, N'XA86367', N'MOHAMMED', N'HAMHAM', N'J387872323', N'0670758085', N'dv.hamham@gmail.com', N'MAROCCAIN', N'MASCULIN', CAST(N'1989-09-30T00:00:00.000' AS DateTime), N'ESPEGIC', N'KHEMISSET', N'MKAM TOLBA', N'MKAM', 500, 0, 2, CAST(N'2021-06-03T13:00:00.000' AS DateTime), 2, CAST(N'2021-06-03T13:00:00.000' AS DateTime))
GO
INSERT [dbo].[STUDENTS] ([ID], [FORMATION_ID], [CIN], [F_NAME], [L_NAME], [MASSAR], [PHONE], [EMAIL], [NATIONALITY], [SEX], [BIRTH], [ESTABLISHEMENT], [PROVINCE], [COMMUN], [ADRESS], [REDUCTION], [ARCHIVE], [CREATED_BY], [CREATED_AT], [UPDATED_BY], [UPDATED_AT]) VALUES (8, 1, N'XA99999', N'KARIM', N'NACIRI', N'J777866732', N'0780879098', N'uulgie@gmail.com', N'MAROCCAIN', N'MASCULIN', CAST(N'2021-05-04T18:26:33.000' AS DateTime), N'TIFLET', N'KHEMESSET', N'MKAM', N'TIFLET', 700, 0, 2, CAST(N'2021-06-07T13:27:02.180' AS DateTime), 2, CAST(N'2021-06-07T13:53:09.370' AS DateTime))
GO
INSERT [dbo].[STUDENTS] ([ID], [FORMATION_ID], [CIN], [F_NAME], [L_NAME], [MASSAR], [PHONE], [EMAIL], [NATIONALITY], [SEX], [BIRTH], [ESTABLISHEMENT], [PROVINCE], [COMMUN], [ADRESS], [REDUCTION], [ARCHIVE], [CREATED_BY], [CREATED_AT], [UPDATED_BY], [UPDATED_AT]) VALUES (9, 1, N'XA77777', N'AYMANE', N'AMRAOUI', N'J888888889', N'0789679876', N'dm.hamham@gmail.com', N'MAROCCAIN', N'MASCULIN', CAST(N'2021-05-10T18:26:33.000' AS DateTime), N'TIFLET', N'KHEMISSET', N'TIFLET', N'TIFLET', 800, 0, 2, CAST(N'2021-06-07T13:30:19.183' AS DateTime), 2, CAST(N'2021-06-07T13:44:40.460' AS DateTime))
GO
SET IDENTITY_INSERT [dbo].[STUDENTS] OFF
GO
SET IDENTITY_INSERT [dbo].[USERS] ON 
GO
INSERT [dbo].[USERS] ([ID], [CIN], [F_NAME], [L_NAME], [PHONE], [EMAIL], [PASSWORD], [ARCHIVE], [CREATED_BY], [CREATED_AT], [UPDATED_BY], [UPDATED_AT]) VALUES (2, N'XA86367', N'MOHAMMED', N'HAMHAM', N'0670758085', N'dv.hamham@gmail.com', N'000', 0, 2, CAST(N'2021-05-22T20:48:08.133' AS DateTime), 2, CAST(N'2021-05-22T20:48:08.133' AS DateTime))
GO
INSERT [dbo].[USERS] ([ID], [CIN], [F_NAME], [L_NAME], [PHONE], [EMAIL], [PASSWORD], [ARCHIVE], [CREATED_BY], [CREATED_AT], [UPDATED_BY], [UPDATED_AT]) VALUES (1012, N'XA153465', N'SIZOU', N'AZIZ', N'0616789066', N'aziz34zizou@gmail.com', N'23456', 0, 2, CAST(N'2021-05-25T16:18:09.180' AS DateTime), 2, CAST(N'2021-05-25T16:18:09.180' AS DateTime))
GO
INSERT [dbo].[USERS] ([ID], [CIN], [F_NAME], [L_NAME], [PHONE], [EMAIL], [PASSWORD], [ARCHIVE], [CREATED_BY], [CREATED_AT], [UPDATED_BY], [UPDATED_AT]) VALUES (1013, N'XA341565', N'SIDALI', N'NADA', N'0610115025', N'nada98sidali@gmail.com', N'33333', 0, 2, CAST(N'2021-05-25T16:20:10.990' AS DateTime), 2, CAST(N'2021-05-25T16:20:10.990' AS DateTime))
GO
INSERT [dbo].[USERS] ([ID], [CIN], [F_NAME], [L_NAME], [PHONE], [EMAIL], [PASSWORD], [ARCHIVE], [CREATED_BY], [CREATED_AT], [UPDATED_BY], [UPDATED_AT]) VALUES (1014, N'XA131413', N'EL AZZOUZI', N'AMINE', N'0639563243', N'aminelazzouzi00@gmail.com', N'11111', 0, 2, CAST(N'2021-05-25T16:20:48.853' AS DateTime), 2, CAST(N'2021-05-25T16:20:48.853' AS DateTime))
GO
INSERT [dbo].[USERS] ([ID], [CIN], [F_NAME], [L_NAME], [PHONE], [EMAIL], [PASSWORD], [ARCHIVE], [CREATED_BY], [CREATED_AT], [UPDATED_BY], [UPDATED_AT]) VALUES (1016, N'XA765447', N'ALI', N'KARIM', N'0765342178', N'alikarim45@gmail.com', N'098767', 0, 2, CAST(N'2021-05-25T16:23:32.703' AS DateTime), 2, CAST(N'2021-05-25T16:23:32.703' AS DateTime))
GO
INSERT [dbo].[USERS] ([ID], [CIN], [F_NAME], [L_NAME], [PHONE], [EMAIL], [PASSWORD], [ARCHIVE], [CREATED_BY], [CREATED_AT], [UPDATED_BY], [UPDATED_AT]) VALUES (1017, N'XA873509', N'SAFFI', N'BOUCHRA', N'0765432789', N'saffibouchra46@gmail.com', N'763409', 0, 2, CAST(N'2021-05-25T16:24:35.307' AS DateTime), 2, CAST(N'2021-05-25T16:24:35.307' AS DateTime))
GO
INSERT [dbo].[USERS] ([ID], [CIN], [F_NAME], [L_NAME], [PHONE], [EMAIL], [PASSWORD], [ARCHIVE], [CREATED_BY], [CREATED_AT], [UPDATED_BY], [UPDATED_AT]) VALUES (1019, N'XA44622', N'OMARI', N'KAMAL', N'0735273123', N'omarkamal@gmail.com', N'11111', 0, 2, CAST(N'2021-06-01T16:50:09.727' AS DateTime), 2, CAST(N'2021-06-02T15:34:38.250' AS DateTime))
GO
INSERT [dbo].[USERS] ([ID], [CIN], [F_NAME], [L_NAME], [PHONE], [EMAIL], [PASSWORD], [ARCHIVE], [CREATED_BY], [CREATED_AT], [UPDATED_BY], [UPDATED_AT]) VALUES (1020, N'XA141517', N'KADIRI', N'OMAR', N'0658430740', N'omar.kadiri@gmail.com', N'12345', 0, 2, CAST(N'2021-06-07T15:26:38.980' AS DateTime), 2, CAST(N'2021-06-07T15:26:38.980' AS DateTime))
GO
INSERT [dbo].[USERS] ([ID], [CIN], [F_NAME], [L_NAME], [PHONE], [EMAIL], [PASSWORD], [ARCHIVE], [CREATED_BY], [CREATED_AT], [UPDATED_BY], [UPDATED_AT]) VALUES (1015, N'XA1138094', N'SNAIKI', N'SAMIRA', N'0604520548', N'samiranabil22@gmail.com', N'564365', 0, 2, CAST(N'2021-05-25T16:22:15.203' AS DateTime), 2, CAST(N'2021-05-25T16:22:15.203' AS DateTime))
GO
INSERT [dbo].[USERS] ([ID], [CIN], [F_NAME], [L_NAME], [PHONE], [EMAIL], [PASSWORD], [ARCHIVE], [CREATED_BY], [CREATED_AT], [UPDATED_BY], [UPDATED_AT]) VALUES (23, N'XA8883', N'KARIM', N'TAZI', N'0670525656', N'karim@gmail.com', N'12345', 0, 2, CAST(N'2021-05-25T16:01:15.653' AS DateTime), 2, CAST(N'2021-05-25T16:01:15.653' AS DateTime))
GO
INSERT [dbo].[USERS] ([ID], [CIN], [F_NAME], [L_NAME], [PHONE], [EMAIL], [PASSWORD], [ARCHIVE], [CREATED_BY], [CREATED_AT], [UPDATED_BY], [UPDATED_AT]) VALUES (24, N'XA5265', N'MOHAMMED', N'NACIRI', N'0610152536', N'naciri@gmail.com', N'12345', 0, 2, CAST(N'2021-05-23T13:19:05.137' AS DateTime), 2, CAST(N'2021-05-23T13:19:05.137' AS DateTime))
GO
INSERT [dbo].[USERS] ([ID], [CIN], [F_NAME], [L_NAME], [PHONE], [EMAIL], [PASSWORD], [ARCHIVE], [CREATED_BY], [CREATED_AT], [UPDATED_BY], [UPDATED_AT]) VALUES (22, N'XA2222', N'IMANE', N'DAMI', N'0640452536', N'imane@gmail.com', N'12345', 0, 2, CAST(N'2021-05-23T13:17:57.180' AS DateTime), 2, CAST(N'2021-05-23T13:17:57.180' AS DateTime))
GO
INSERT [dbo].[USERS] ([ID], [CIN], [F_NAME], [L_NAME], [PHONE], [EMAIL], [PASSWORD], [ARCHIVE], [CREATED_BY], [CREATED_AT], [UPDATED_BY], [UPDATED_AT]) VALUES (1018, N'XA762309', N'CHTIOUI', N'OMAR', N'0674522935', N'chtiouiomar@gmail.com', N'4531176', 0, 2, CAST(N'2021-05-25T16:25:46.377' AS DateTime), 2, CAST(N'2021-05-25T16:25:46.377' AS DateTime))
GO
SET IDENTITY_INSERT [dbo].[USERS] OFF
GO
/****** Object:  Index [PK_FORMATIONS]    Script Date: 6/10/2021 5:30:07 PM ******/
ALTER TABLE [dbo].[FORMATIONS] ADD  CONSTRAINT [PK_FORMATIONS] PRIMARY KEY NONCLUSTERED 
(
	[ID] ASC
)WITH (PAD_INDEX = OFF, STATISTICS_NORECOMPUTE = OFF, SORT_IN_TEMPDB = OFF, IGNORE_DUP_KEY = OFF, ONLINE = OFF, ALLOW_ROW_LOCKS = ON, ALLOW_PAGE_LOCKS = ON, OPTIMIZE_FOR_SEQUENTIAL_KEY = OFF) ON [PRIMARY]
GO
/****** Object:  Index [PK_HISTORY]    Script Date: 6/10/2021 5:30:07 PM ******/
ALTER TABLE [dbo].[HISTORIES] ADD  CONSTRAINT [PK_HISTORY] PRIMARY KEY NONCLUSTERED 
(
	[ID] ASC
)WITH (PAD_INDEX = OFF, STATISTICS_NORECOMPUTE = OFF, SORT_IN_TEMPDB = OFF, IGNORE_DUP_KEY = OFF, ONLINE = OFF, ALLOW_ROW_LOCKS = ON, ALLOW_PAGE_LOCKS = ON, OPTIMIZE_FOR_SEQUENTIAL_KEY = OFF) ON [PRIMARY]
GO
/****** Object:  Index [PK_MODULES]    Script Date: 6/10/2021 5:30:07 PM ******/
ALTER TABLE [dbo].[MODULES] ADD  CONSTRAINT [PK_MODULES] PRIMARY KEY NONCLUSTERED 
(
	[ID] ASC
)WITH (PAD_INDEX = OFF, STATISTICS_NORECOMPUTE = OFF, SORT_IN_TEMPDB = OFF, IGNORE_DUP_KEY = OFF, ONLINE = OFF, ALLOW_ROW_LOCKS = ON, ALLOW_PAGE_LOCKS = ON, OPTIMIZE_FOR_SEQUENTIAL_KEY = OFF) ON [PRIMARY]
GO
/****** Object:  Index [PK_PROFESSORS]    Script Date: 6/10/2021 5:30:07 PM ******/
ALTER TABLE [dbo].[PROFESSORS] ADD  CONSTRAINT [PK_PROFESSORS] PRIMARY KEY NONCLUSTERED 
(
	[ID] ASC
)WITH (PAD_INDEX = OFF, STATISTICS_NORECOMPUTE = OFF, SORT_IN_TEMPDB = OFF, IGNORE_DUP_KEY = OFF, ONLINE = OFF, ALLOW_ROW_LOCKS = ON, ALLOW_PAGE_LOCKS = ON, OPTIMIZE_FOR_SEQUENTIAL_KEY = OFF) ON [PRIMARY]
GO
/****** Object:  Index [PK_TEACH]    Script Date: 6/10/2021 5:30:07 PM ******/
ALTER TABLE [dbo].[TEACHES] ADD  CONSTRAINT [PK_TEACH] PRIMARY KEY NONCLUSTERED 
(
	[PROFESSOR_ID] ASC,
	[FORMATION_ID] ASC
)WITH (PAD_INDEX = OFF, STATISTICS_NORECOMPUTE = OFF, SORT_IN_TEMPDB = OFF, IGNORE_DUP_KEY = OFF, ONLINE = OFF, ALLOW_ROW_LOCKS = ON, ALLOW_PAGE_LOCKS = ON, OPTIMIZE_FOR_SEQUENTIAL_KEY = OFF) ON [PRIMARY]
GO
/****** Object:  Index [PK_USERS]    Script Date: 6/10/2021 5:30:07 PM ******/
ALTER TABLE [dbo].[USERS] ADD  CONSTRAINT [PK_USERS] PRIMARY KEY NONCLUSTERED 
(
	[ID] ASC
)WITH (PAD_INDEX = OFF, STATISTICS_NORECOMPUTE = OFF, SORT_IN_TEMPDB = OFF, IGNORE_DUP_KEY = OFF, ONLINE = OFF, ALLOW_ROW_LOCKS = ON, ALLOW_PAGE_LOCKS = ON, OPTIMIZE_FOR_SEQUENTIAL_KEY = OFF) ON [PRIMARY]
GO
ALTER TABLE [dbo].[MODULES]  WITH CHECK ADD  CONSTRAINT [FK__MODULES__FORMATI__373B3228] FOREIGN KEY([FORMATION_ID])
REFERENCES [dbo].[FORMATIONS] ([ID])
GO
ALTER TABLE [dbo].[MODULES] CHECK CONSTRAINT [FK__MODULES__FORMATI__373B3228]
GO
ALTER TABLE [dbo].[PAYMENT]  WITH CHECK ADD  CONSTRAINT [FK_PAYMENT_STUDENTS] FOREIGN KEY([STUDENT_ID])
REFERENCES [dbo].[STUDENTS] ([ID])
GO
ALTER TABLE [dbo].[PAYMENT] CHECK CONSTRAINT [FK_PAYMENT_STUDENTS]
GO
ALTER TABLE [dbo].[STUDENTS]  WITH CHECK ADD  CONSTRAINT [FK__STUDENTS__FORMAT__0880433F] FOREIGN KEY([FORMATION_ID])
REFERENCES [dbo].[FORMATIONS] ([ID])
GO
ALTER TABLE [dbo].[STUDENTS] CHECK CONSTRAINT [FK__STUDENTS__FORMAT__0880433F]
GO
